tariff_rate_pct,importer_margin_pct,consumer_price,tariff_cost_to_consumer,price_vs_zero_tariff_pct
0%,10%,243.92,0.0,0.0
0%,15%,255.0,0.0,0.0
0%,20%,266.09,0.0,0.0
0%,25%,277.18,0.0,0.0
0%,30%,288.26,0.0,0.0
7%,10%,257.73,13.81,5.7
7%,15%,269.45,14.44,5.7
7%,20%,281.16,15.07,5.7
7%,25%,292.88,15.7,5.7
7%,30%,304.59,16.33,5.7
10%,10%,262.34,18.42,7.6
10%,15%,274.26,19.26,7.6
10%,20%,286.19,20.09,7.6
10%,25%,298.11,20.93,7.6
10%,30%,310.03,21.77,7.6
25%,10%,289.97,46.05,18.9
25%,15%,303.15,48.14,18.9
25%,20%,316.33,50.23,18.9
25%,25%,329.51,52.32,18.9
25%,30%,342.69,54.42,18.9
50%,10%,336.02,92.11,37.8
50%,15%,351.3,96.3,37.8
50%,20%,366.57,100.48,37.8
50%,25%,381.84,104.67,37.8
50%,30%,397.12,108.86,37.8
75%,10%,382.08,138.16,56.6
75%,15%,399.44,144.44,56.6
75%,20%,416.81,150.72,56.6
75%,25%,434.18,157.0,56.6
75%,30%,451.55,163.27,56.6
100%,10%,428.13,184.22,75.5
100%,15%,447.59,192.59,75.5
100%,20%,467.05,200.97,75.5
100%,25%,486.51,209.34,75.5
100%,30%,505.97,217.71,75.5
