event_name,legal_authority,country_code,hs_chapters,additional_rate,effective_date,end_date,note
Section 232 Steel Tariff,Section 232 Trade Expansion Act,ALL,"72,73",0.25,2018-03-23,,25% on raw steel imports
Section 301 List 1,Section 301 Trade Act,156,"84,85,90",0.25,2018-07-06,,"Industrial machinery, electronics components"
Section 301 List 2,Section 301 Trade Act,156,"84,85,87",0.25,2018-08-23,,"Semiconductors, plastics, machinery"
Section 301 List 3 (initial),Section 301 Trade Act,156,"84,85,94,62",0.1,2018-09-24,2019-05-09,"Started at 10%, escalated to 25% in May 2019"
Section 301 List 3 (escalated),Section 301 Trade Act,156,"84,85,94,62",0.25,2019-05-10,,"5,745 HTS lines; broad coverage"
Section 301 List 4A,Section 301 Trade Act,156,"85,61,62,64",0.075,2019-09-01,,Phase 1 deal reduced from 15% to 7.5% in Feb 2020
Biden EV Tariff Hike,Section 301 (modified),156,87,1.0,2024-08-01,,Electric vehicles from China: 100% tariff (up from 25%)
Biden Solar Cell Tariff Hike,Section 301 (modified),156,85,0.5,2024-08-01,,Solar cells: 50% (up from 25%); wafers 50%
Universal Baseline Tariff 10%,IEEPA,ALL,ALL,0.1,2025-04-05,,10% floor on all imports from all countries
Reciprocal Tariff - China (escalated),IEEPA,156,ALL,0.145,2025-04-09,,Additional 14.5% on China on top of universal 10%
